,r2 score,KFold r2 score,Mean Squared Error,Mean Absolute Error
TRAIN,1.0,0.9976,3.8201057e-07,0.00018415356
VALID,0.996,0.9976,0.0018906014,0.007146138
